Date,Recieved Quantity,Currency,Sent Quantity,Currency
2018-08-21 18:38:14,2.0306385,XMR,0.032933910512249996,BTC
2018-08-21 20:18:33,2.0306385,XMR,0.032933910512249996,BTC
2018-08-21 22:25:07,2.0306385,XMR,0.032933910512249996,BTC
2018-08-21 22:25:08,2.0306386,XMR,0.032825587717983,BTC
2018-08-21 22:32:00,2.0306385,XMR,0.032933910512249996,BTC
2018-08-21 22:32:01,2.0306386,XMR,0.032825587717983,BTC
2018-08-21 22:32:15,0.033153844508950196,BTC,2.0306386,XMR
2018-08-21 22:32:20,0.033263249617372495,BTC,2.0306385,XMR
2018-08-21 22:32:20,0.005395068630465,BTC,0.32933911,XMR
2018-08-21 22:42:04,2.0306385,XMR,0.032077226772508495,BTC
2018-08-21 22:42:04,2.0306386,XMR,0.032183081481111396,BTC
2018-08-21 22:42:04,2.0306385,XMR,0.032289284320424994,BTC
2018-08-21 22:42:04,2.0306386,XMR,0.0323958416404264,BTC
2018-08-21 22:42:04,2.0306385,XMR,0.032502745039545,BTC
2018-08-21 22:42:04,2.0306384,XMR,0.0326100037898544,BTC
2018-08-21 22:42:04,2.0306386,XMR,0.032717618663620995,BTC
2018-08-21 22:42:04,2.0306386,XMR,0.032825587717983,BTC
2018-08-21 22:42:04,2.0306385,XMR,0.032933910512249996,BTC
2018-08-21 22:42:04,2.0306386,XMR,0.032825587717983,BTC
2018-08-21 22:42:04,2.0306386,XMR,0.032717618663620995,BTC
2018-08-21 22:42:04,2.0306384,XMR,0.0326100037898544,BTC
2018-08-21 22:42:04,2.0306385,XMR,0.032502745039545,BTC
2018-08-21 22:42:04,2.0306386,XMR,0.0323958416404264,BTC
2018-08-21 22:42:04,2.0306385,XMR,0.032289284320424994,BTC
2018-08-21 22:42:04,2.0306386,XMR,0.032183081481111396,BTC
2018-08-21 22:42:04,2.0306385,XMR,0.032077226772508495,BTC
2018-08-21 22:42:10,2.0306386,XMR,0.0319717204317918,BTC
2018-08-21 22:42:27,2.0306385,XMR,0.0318665602119645,BTC
2018-08-21 22:42:34,2.0306384,XMR,0.0317617452110224,BTC
2018-08-21 22:42:38,2.0306385,XMR,0.031657276516239,BTC
2018-08-21 22:42:57,2.0306385,XMR,0.03155315146587449,BTC
2018-08-21 22:43:53,2.0306386,XMR,0.0314493691115208,BTC
2018-08-21 22:43:54,2.0306384,XMR,0.031345925293939196,BTC
2018-08-21 22:43:54,2.0306386,XMR,0.031242826767599,BTC
2018-08-21 22:43:54,2.0306386,XMR,0.0311400642706074,BTC
2018-08-21 22:43:54,2.0306385,XMR,0.031037639361794996,BTC
2018-08-21 22:45:21,2.0306386,XMR,0.0309355525652856,BTC
2018-08-21 22:45:27,2.0306386,XMR,0.0308338013263168,BTC
2018-08-21 22:45:44,2.0306385,XMR,0.030732383629282496,BTC
2018-08-21 22:46:02,2.0306385,XMR,0.030631300475390998,BTC
2018-08-21 22:46:07,0.030937614170561997,BTC,2.0306385,XMR
2018-08-21 22:46:11,0.031039706551787997,BTC,2.0306385,XMR
2018-08-21 22:46:55,2.0306385,XMR,0.030729309242593497,BTC
2018-08-21 22:46:56,2.0306385,XMR,0.030628238272532998,BTC
2018-08-21 22:47:22,0.0309345215081265,BTC,2.0306385,XMR
2018-08-21 22:47:26,0.031036601705521496,BTC,2.0306385,XMR
2018-08-21 22:47:31,2.0306385,XMR,0.030726234855904498,BTC
2018-08-21 22:47:31,2.0306385,XMR,0.030625176069675,BTC
2018-08-21 22:47:31,2.0306385,XMR,0.030530550346213495,BTC
2018-08-21 22:47:31,2.0306386,XMR,0.0304301306790228,BTC
2018-08-21 22:47:31,2.0306385,XMR,0.030330041039446497,BTC
2018-08-21 22:47:32,2.0306385,XMR,0.030230281861856997,BTC
2018-08-21 22:47:33,2.0306385,XMR,0.030130849617065997,BTC
2018-08-21 22:48:10,0.030432157788334496,BTC,2.0306385,XMR
2018-08-21 22:48:11,0.030532585045990497,BTC,2.0306385,XMR
2018-08-21 22:48:28,0.0306333412670835,BTC,2.0306385,XMR
2018-08-21 22:48:53,2.0306385,XMR,0.030327007265527495,BTC
2018-08-21 22:48:57,2.0306385,XMR,0.030227258241130497,BTC
2018-08-21 22:48:59,2.0306385,XMR,0.030127836149532,BTC
2018-08-21 22:49:02,2.0306385,XMR,0.030031744305073497,BTC
2018-08-21 22:49:09,2.0306385,XMR,0.029932965925879497,BTC
2018-08-21 22:49:10,2.0306385,XMR,0.029834512448845496,BTC
2018-08-21 22:49:13,2.0306386,XMR,0.0297363833077188,BTC
2018-08-21 22:49:16,0.030033747993664203,BTC,2.0306386,XMR
2018-08-21 22:50:00,0.030132857918542498,BTC,2.0306385,XMR
2018-08-21 22:50:02,0.030232296255248994,BTC,2.0306385,XMR
2018-08-21 22:50:37,2.0306385,XMR,0.029929972764730497,BTC
2018-08-21 22:50:37,2.0306385,XMR,0.029831529440888998,BTC
2018-08-21 22:50:50,2.0306386,XMR,0.0297334104528084,BTC
2018-08-21 22:51:03,0.0300307446791748,BTC,2.0306386,XMR
2018-08-21 22:51:05,0.030129844451008497,BTC,2.0306385,XMR
2018-08-21 22:51:37,2.0306385,XMR,0.029828546432932496,BTC
2018-08-21 22:51:50,0.030126830983474497,BTC,2.0306385,XMR
2018-08-21 22:51:52,0.0302292726345225,BTC,2.0306385,XMR
2018-08-21 22:51:58,0.030332061524753998,BTC,2.0306385,XMR
2018-08-21 22:52:06,0.030429113861222996,BTC,2.0306385,XMR
2018-08-21 22:52:14,2.0306385,XMR,0.030124822681997995,BTC
2018-08-21 22:52:14,2.0306385,XMR,0.030028740990731998,BTC
2018-08-21 22:52:15,2.0306385,XMR,0.029926979603581497,BTC
2018-08-21 22:52:16,2.0306385,XMR,0.029825563424975995,BTC
2018-08-21 22:52:17,2.0306386,XMR,0.029730437597898,BTC
2018-08-21 22:52:23,2.0306386,XMR,0.029638575568911203,BTC
2018-08-21 22:52:32,2.0306385,XMR,0.029541089246872494,BTC
2018-08-21 22:52:37,2.0306386,XMR,0.029443924644631,BTC
2018-08-21 22:52:38,2.0306386,XMR,0.0293470794285198,BTC
2018-08-21 22:52:38,2.0306385,XMR,0.029250551582207997,BTC
2018-08-21 22:52:51,2.0306385,XMR,0.0291543419607165,BTC
2018-08-21 22:53:05,0.029445884791438497,BTC,2.0306385,XMR
2018-08-21 22:53:06,0.029543056935578994,BTC,2.0306385,XMR
2018-08-21 22:53:23,0.029640549349630403,BTC,2.0306386,XMR
2018-08-21 22:53:37,0.0297383631803538,BTC,2.0306386,XMR
2018-08-21 22:53:37,0.029836500443936997,BTC,2.0306385,XMR
2018-08-21 22:53:37,0.029934961487051402,BTC,2.0306386,XMR
2018-08-21 22:53:37,0.0300277413646854,BTC,2.0306386,XMR
2018-08-21 22:53:39,0.030123819546578997,BTC,2.0306385,XMR
2018-08-21 22:53:43,0.030226249013796,BTC,2.0306385,XMR
2018-08-21 22:53:44,0.030329027750834996,BTC,2.0306385,XMR
2018-08-21 22:53:45,0.0304260699341115,BTC,2.0306385,XMR
2018-08-21 22:53:51,0.0305295309656865,BTC,2.0306385,XMR
2018-08-21 22:54:11,0.030630277033587,BTC,2.0306385,XMR
2018-08-21 22:54:15,2.0306385,XMR,0.030323973491608498,BTC
2018-08-21 22:54:19,2.0306385,XMR,0.030224236651042496,BTC
2018-08-21 22:54:35,0.030526478916020998,BTC,2.0306385,XMR
2018-08-21 22:54:37,0.030627212800090498,BTC,2.0306385,XMR
2018-08-21 22:54:44,0.0307344320264258,BTC,2.0306386,XMR
2018-08-21 22:55:01,2.0306386,XMR,0.0304270867517614,BTC
2018-08-21 22:55:01,2.0306385,XMR,0.030320939717689496,BTC
2018-08-21 22:55:01,0.030624148566593998,BTC,2.0306385,XMR
2018-08-21 22:55:01,0.0307313576395854,BTC,2.0306386,XMR
2018-08-21 22:55:02,2.0306386,XMR,0.030424044855138603,BTC
2018-08-21 22:55:02,2.0306385,XMR,0.030317907974409,BTC
2018-08-21 22:55:03,0.030621086363735995,BTC,2.0306385,XMR
2018-08-21 22:55:03,0.030728285283383602,BTC,2.0306386,XMR
2018-08-21 22:55:04,2.0306386,XMR,0.0304210029585158,BTC
2018-08-21 22:55:04,2.0306385,XMR,0.0303148762311285,BTC
2018-08-21 22:55:09,2.0306385,XMR,0.030221215060954498,BTC
2018-08-21 22:55:09,2.0306385,XMR,0.030121809214463998,BTC
2018-08-21 22:55:12,2.0306385,XMR,0.030025737676390496,BTC
2018-08-21 22:55:16,2.0306385,XMR,0.029923986442432497,BTC
2018-08-21 22:55:23,0.030223225393069496,BTC,2.0306385,XMR
2018-08-21 22:55:23,0.030325996007554496,BTC,2.0306385,XMR
2018-08-21 22:55:24,0.030423028037638498,BTC,2.0306385,XMR
2018-08-21 22:55:31,0.030523426866355497,BTC,2.0306385,XMR
2018-08-21 22:55:32,0.030618024160878,BTC,2.0306385,XMR
2018-08-21 22:55:34,0.030725212927181802,BTC,2.0306386,XMR
2018-08-21 22:55:35,2.0306386,XMR,0.030417961061893,BTC
2018-08-21 22:55:36,0.03072214057098,BTC,2.0306386,XMR
2018-08-21 22:55:36,2.0306386,XMR,0.0304149191652702,BTC
2018-08-21 22:55:38,0.0307190682147782,BTC,2.0306386,XMR
2018-08-21 22:55:39,2.0306386,XMR,0.030411877268647403,BTC
2018-08-21 22:55:40,0.0307159958585764,BTC,2.0306386,XMR
2018-08-21 22:55:41,2.0306386,XMR,0.0304088353720246,BTC
2018-08-21 22:55:42,0.030712923502374603,BTC,2.0306386,XMR
2018-08-21 22:56:09,2.0306386,XMR,0.0304057934754018,BTC
2018-08-21 22:56:09,2.0306385,XMR,0.030311844487848,BTC
2018-08-21 22:56:10,2.0306385,XMR,0.030218193470866496,BTC
2018-08-21 22:56:10,2.0306385,XMR,0.030118797777568495,BTC
2018-08-21 22:56:16,0.030419986141165496,BTC,2.0306385,XMR
2018-08-21 22:56:16,2.0306385,XMR,0.030115786340672995,BTC
2018-08-21 22:56:17,0.030416944244692497,BTC,2.0306385,XMR
2018-08-21 22:56:18,2.0306385,XMR,0.030112774903777496,BTC
2018-08-21 22:56:18,0.030413902348219495,BTC,2.0306385,XMR
2018-08-21 22:56:18,0.030520374816689996,BTC,2.0306385,XMR
2018-08-21 22:56:20,2.0306385,XMR,0.030215171880778498,BTC
2018-08-21 22:56:20,2.0306385,XMR,0.030109763466881996,BTC
2018-08-21 22:56:20,0.030410860451746496,BTC,2.0306385,XMR
2018-08-21 22:56:22,0.0305173227670245,BTC,2.0306385,XMR
2018-08-21 22:56:22,2.0306385,XMR,0.030212150290690496,BTC
2018-08-21 22:56:23,0.030514272747997496,BTC,2.0306385,XMR
2018-08-21 22:56:30,0.030614961958019996,BTC,2.0306385,XMR
2018-08-21 22:56:40,2.0306385,XMR,0.0303088127445675,BTC
2018-08-21 22:56:41,2.0306385,XMR,0.030209130731241,BTC
2018-08-21 22:56:41,2.0306385,XMR,0.030106752029986496,BTC
2018-08-21 22:56:41,2.0306385,XMR,0.030022736392687495,BTC
2018-08-21 22:56:41,2.0306385,XMR,0.0299209932812835,BTC
2018-08-21 22:56:42,2.0306385,XMR,0.029822580417019497,BTC
2018-08-21 22:56:42,0.030120806079044996,BTC,2.0306385,XMR
2018-08-21 22:56:42,0.030220203802981495,BTC,2.0306385,XMR
2018-08-21 22:56:48,0.030322964264273996,BTC,2.0306385,XMR
2018-08-21 22:57:18,0.030407818555273497,BTC,2.0306385,XMR
2018-08-21 22:57:21,0.030511222728970496,BTC,2.0306385,XMR
2018-08-21 22:59:11,0.030611901785800498,BTC,2.0306385,XMR
2018-08-21 22:59:22,0.030709851146172803,BTC,2.0306386,XMR
2018-08-21 23:00:08,2.0306386,XMR,0.0304027536094176,BTC
2018-08-21 23:00:26,2.0306385,XMR,0.030305783031925496,BTC
2018-08-21 23:00:28,0.030608841613580996,BTC,2.0306385,XMR
2018-08-21 23:00:28,0.0307067808206096,BTC,2.0306386,XMR
2018-08-21 23:00:54,2.0306386,XMR,0.0303997137434334,BTC
2018-08-21 23:01:28,2.0306385,XMR,0.030302753319283497,BTC
2018-08-21 23:02:19,0.030605781441361498,BTC,2.0306385,XMR
2018-08-21 23:02:28,0.030703710495046402,BTC,2.0306386,XMR
2018-08-21 23:05:37,2.0306386,XMR,0.030396673877449203,BTC
2018-08-21 23:05:51,2.0306385,XMR,0.030299723606641498,BTC
2018-08-21 23:06:03,2.0306385,XMR,0.0302061111717915,BTC
2018-08-21 23:06:04,2.0306385,XMR,0.030103740593090997,BTC
2018-08-21 23:08:42,2.0306385,XMR,0.030019735108984497,BTC
2018-08-21 23:08:43,2.0306385,XMR,0.029918002150772997,BTC
2018-08-21 23:08:50,0.030217182212893497,BTC,2.0306385,XMR
2018-08-21 23:08:50,0.030319932520993496,BTC,2.0306385,XMR
2018-08-21 23:09:05,2.0306385,XMR,0.030016733825281496,BTC
2018-08-21 23:09:30,0.030316900777712995,BTC,2.0306385,XMR
2018-08-21 23:10:10,0.030404778689438996,BTC,2.0306385,XMR
2018-08-21 23:10:45,2.0306385,XMR,0.030100731186834,BTC
2018-08-21 23:10:52,2.0306385,XMR,0.0300137325415785,BTC
2018-08-21 23:10:56,2.0306385,XMR,0.0299150110202625,BTC
2018-08-21 23:11:25,2.0306385,XMR,0.029819597409063,BTC
2018-08-21 23:11:34,0.030117792611511,BTC,2.0306385,XMR
2018-08-21 23:11:46,2.0306385,XMR,0.029816614401106497,BTC
2018-08-21 23:11:55,2.0306386,XMR,0.0297274647429876,BTC
2018-08-21 23:12:36,2.0306386,XMR,0.0296356128671938,BTC
2018-08-21 23:12:49,2.0306385,XMR,0.029538134667854998,BTC
2018-08-21 23:12:50,2.0306386,XMR,0.029440980218661,BTC
2018-08-21 23:12:50,2.0306386,XMR,0.0293441431251042,BTC
2018-08-21 23:13:17,0.029637584617274403,BTC,2.0306386,XMR
2018-08-21 23:13:27,0.029735390325443402,BTC,2.0306386,XMR
2018-08-21 23:14:47,0.029833515405341994,BTC,2.0306385,XMR
2018-08-21 23:14:53,0.029931968325755,BTC,2.0306386,XMR
2018-08-21 23:14:59,0.030024740080834604,BTC,2.0306386,XMR
2018-08-21 23:15:02,0.030114781174615496,BTC,2.0306385,XMR
2018-08-21 23:15:08,0.030214160622805495,BTC,2.0306385,XMR
2018-08-21 23:18:39,2.0306385,XMR,0.029912019889752,BTC
2018-08-21 23:18:53,0.030211141063355994,BTC,2.0306385,XMR
2018-08-21 23:19:04,0.030313869034432495,BTC,2.0306385,XMR
2018-08-21 23:19:48,0.030401738823604498,BTC,2.0306385,XMR
2018-08-21 23:19:49,0.0305081727099435,BTC,2.0306385,XMR
2018-08-21 23:19:55,0.030602721269141996,BTC,2.0306385,XMR
2018-08-21 23:21:36,2.0306385,XMR,0.0302966938939995,BTC
2018-08-21 23:21:47,2.0306385,XMR,0.030203091612341998,BTC
2018-08-21 23:21:53,2.0306385,XMR,0.030097721780576996,BTC
2018-08-21 23:23:07,2.0306385,XMR,0.030010731257875498,BTC
2018-08-21 23:23:12,2.0306385,XMR,0.029909028759241497,BTC
2018-08-21 23:23:28,2.0306385,XMR,0.0298136334237885,BTC
2018-08-21 23:23:33,2.0306386,XMR,0.0297244918880772,BTC
2018-08-21 23:23:37,2.0306386,XMR,0.0296326481348378,BTC
2018-08-21 23:23:51,2.0306385,XMR,0.029535180088837494,BTC
2018-08-21 23:24:24,2.0306386,XMR,0.029438035792691,BTC
2018-08-21 23:24:30,2.0306386,XMR,0.0293412088523272,BTC
2018-08-21 23:24:34,2.0306385,XMR,0.029247625432129495,BTC
2018-08-21 23:24:36,2.0306385,XMR,0.029151425963830496,BTC
2018-08-21 23:24:43,2.0306386,XMR,0.0290584505498316,BTC
2018-08-21 23:24:47,2.0306386,XMR,0.0289628724522068,BTC
2018-08-21 23:24:47,2.0306384,XMR,0.0288676082909984,BTC
2018-08-21 23:25:17,2.0306386,XMR,0.0287726605039062,BTC
2018-08-21 23:25:20,2.0306386,XMR,0.0286780225919532,BTC
2018-08-21 23:25:21,2.0306384,XMR,0.0285836945831024,BTC
2018-08-21 23:25:25,2.0306385,XMR,0.028489679458812,BTC
2018-08-21 23:26:09,2.0306384,XMR,0.0283959722162144,BTC
2018-08-21 23:26:23,2.0306385,XMR,0.028302574396783495,BTC
2018-08-21 23:26:25,2.0306384,XMR,0.0282094824468352,BTC
2018-08-21 23:26:25,2.0306385,XMR,0.028116697871047498,BTC
2018-08-21 23:26:26,2.0306385,XMR,0.028024218532480497,BTC
2018-08-21 23:26:28,2.0306385,XMR,0.027932041759049998,BTC
2018-08-21 23:26:29,2.0306385,XMR,0.027840169581394496,BTC
2018-08-21 23:26:29,2.0306385,XMR,0.0277485999688755,BTC
2018-08-21 23:26:31,2.0306384,XMR,0.0276573295288528,BTC
2018-08-21 23:26:31,2.0306386,XMR,0.0275663616742148,BTC
2018-08-21 23:26:33,2.0306386,XMR,0.027475691630086202,BTC
2018-08-21 23:26:39,2.0306386,XMR,0.0273853200898318,BTC
2018-08-21 23:26:41,0.0276591740420664,BTC,2.0306386,XMR
2018-08-21 23:26:46,0.027750449216497802,BTC,2.0306386,XMR
2018-08-21 23:27:01,2.0306386,XMR,0.0274729441760604,BTC
2018-08-21 23:27:03,2.0306386,XMR,0.027382582788999,BTC
2018-08-21 23:27:03,2.0306385,XMR,0.027295245709280998,BTC
2018-08-21 23:27:05,2.0306385,XMR,0.027205467119918995,BTC
2018-08-21 23:27:05,2.0306385,XMR,0.027115985003777997,BTC
2018-08-21 23:27:07,2.0306386,XMR,0.0270267966305316,BTC
2018-08-21 23:27:11,2.0306385,XMR,0.026937902068604996,BTC
2018-08-21 23:27:14,2.0306385,XMR,0.0268492992189345,BTC
2018-08-21 23:27:14,2.0306386,XMR,0.026760988068430202,BTC
2018-08-21 23:27:17,2.0306385,XMR,0.0266729666941485,BTC
2018-08-21 23:27:19,0.026939697153038997,BTC,2.0306385,XMR
2018-08-21 23:27:21,0.0270285978069698,BTC,2.0306386,XMR
2018-08-21 23:27:23,0.027117792272042997,BTC,2.0306385,XMR
2018-08-21 23:27:23,0.027207280480099495,BTC,2.0306385,XMR
2018-08-21 23:27:30,0.027297064474998602,BTC,2.0306386,XMR
2018-08-21 23:27:33,2.0306386,XMR,0.027024093850555,BTC
2018-08-21 23:27:34,2.0306385,XMR,0.026935207411315495,BTC
2018-08-21 23:27:34,2.0306385,XMR,0.0268466147148375,BTC
2018-08-21 23:27:40,0.027115081369645497,BTC,2.0306385,XMR
2018-08-21 23:27:44,2.0306385,XMR,0.0268439302107405,BTC
2018-08-21 23:27:53,2.0306386,XMR,0.026758311686755402,BTC
2018-08-21 23:27:58,0.0270258950269932,BTC,2.0306386,XMR
2018-08-21 23:28:00,0.027112370467247997,BTC,2.0306385,XMR
2018-08-21 23:28:01,0.027204559424509497,BTC,2.0306385,XMR
2018-08-21 23:28:01,0.0272943352967202,BTC,2.0306386,XMR
2018-08-21 23:28:01,0.027387144285236996,BTC,2.0306385,XMR
2018-08-21 23:28:01,0.0274775219129565,BTC,2.0306385,XMR
2018-08-21 23:28:04,0.0275681980445355,BTC,2.0306385,XMR
2018-08-21 23:28:08,0.027656408312293202,BTC,2.0306386,XMR
2018-08-21 23:28:08,0.027747673333531602,BTC,2.0306386,XMR
2018-08-21 23:28:13,2.0306386,XMR,0.0274701967220346,BTC
2018-08-21 23:28:15,2.0306386,XMR,0.0273798434575276,BTC
2018-08-21 23:28:15,2.0306385,XMR,0.027292516531137,BTC
2018-08-21 23:28:15,2.0306385,XMR,0.027202746064328997,BTC
2018-08-21 23:28:17,2.0306385,XMR,0.027113272070741996,BTC
2018-08-21 23:28:20,2.0306386,XMR,0.0270213910705784,BTC
2018-08-21 23:28:21,0.027291604087803203,BTC,2.0306386,XMR
2018-08-21 23:28:24,0.027384404953900498,BTC,2.0306385,XMR
2018-08-21 23:28:26,0.027474774459065997,BTC,2.0306385,XMR
2018-08-21 23:28:27,0.027565442468091,BTC,2.0306385,XMR
2018-08-21 23:28:29,0.027653642582520004,BTC,2.0306386,XMR
2018-08-21 23:28:33,0.027744899481204004,BTC,2.0306386,XMR
2018-08-21 23:29:07,0.027842024925442,BTC,2.0306386,XMR
2018-08-21 23:29:07,0.0279339024789328,BTC,2.0306384,XMR
2018-08-21 23:29:07,0.0280260867199005,BTC,2.0306385,XMR
2018-08-21 23:29:07,0.028118572150382996,BTC,2.0306385,XMR
2018-08-21 23:29:09,2.0306385,XMR,0.027837385576010995,BTC
2018-08-21 23:29:10,0.0281157597160605,BTC,2.0306385,XMR
2018-08-21 23:29:10,2.0306385,XMR,0.027834601570627497,BTC
2018-08-21 23:29:11,0.028112947281737997,BTC,2.0306385,XMR
2018-08-21 23:29:12,2.0306385,XMR,0.027831817565243996,BTC
2018-08-21 23:29:13,0.028110134847415497,BTC,2.0306385,XMR
2018-08-21 23:29:15,2.0306385,XMR,0.027829033559860494,BTC
2018-08-21 23:29:15,0.028107324443731495,BTC,2.0306385,XMR
2018-08-21 23:29:18,2.0306385,XMR,0.027826251585115497,BTC
2018-08-21 23:29:18,0.028104514040047497,BTC,2.0306385,XMR
2018-08-21 23:29:51,0.028211362176640498,BTC,2.0306385,XMR
2018-08-21 23:30:03,0.028304460859949997,BTC,2.0306385,XMR
2018-08-21 23:30:25,2.0306385,XMR,0.0280214162513505,BTC
2018-08-21 23:31:08,2.0306385,XMR,0.027929247600473998,BTC
2018-08-21 23:31:23,2.0306385,XMR,0.027823469610370497,BTC
2018-08-21 23:31:56,2.0306385,XMR,0.027745826116684497,BTC
2018-08-21 23:32:13,0.028023284438770498,BTC,2.0306385,XMR
2018-08-21 23:32:49,0.028101703636363495,BTC,2.0306385,XMR
2018-08-21 23:32:51,0.028208539589125496,BTC,2.0306385,XMR
2018-08-21 23:32:51,0.028301630149880998,BTC,2.0306385,XMR
2018-08-21 23:32:51,0.028397864139034498,BTC,2.0306385,XMR
2018-08-21 23:32:52,0.0284915767027248,BTC,2.0306384,XMR
2018-08-21 23:32:52,0.0285856007296365,BTC,2.0306385,XMR
2018-08-21 23:32:54,0.0286799326287936,BTC,2.0306384,XMR
2018-08-21 23:32:57,0.028774576009723496,BTC,2.0306385,XMR
2018-08-21 23:33:37,0.0288695313055632,BTC,2.0306384,XMR
2018-08-21 23:34:04,2.0306384,XMR,0.0285808354442352,BTC
2018-08-21 23:34:08,2.0306385,XMR,0.028486830472996497,BTC
2018-08-21 23:34:20,2.0306384,XMR,0.0283931333837312,BTC
2018-08-21 23:34:26,2.0306385,XMR,0.028299745717352994,BTC
2018-08-21 23:34:44,2.0306384,XMR,0.0282066618900976,BTC
2018-08-21 23:34:51,2.0306385,XMR,0.028113885436724998,BTC
2018-08-21 23:35:23,0.028395023275772997,BTC,2.0306385,XMR
2018-08-21 23:35:41,2.0306385,XMR,0.028111073002402495,BTC
2018-08-21 23:35:46,2.0306385,XMR,0.0280186139702205,BTC
2018-08-21 23:36:32,2.0306385,XMR,0.027926453441897998,BTC
2018-08-21 23:36:55,2.0306385,XMR,0.027820685604986996,BTC
2018-08-21 23:37:11,2.0306385,XMR,0.027743052264493497,BTC
2018-08-21 23:37:15,2.0306384,XMR,0.027654563799352,BTC
2018-08-21 23:37:15,2.0306386,XMR,0.027563604066996,BTC
2018-08-21 23:37:36,2.0306386,XMR,0.027467451298647402,BTC
2018-08-21 23:37:57,2.0306386,XMR,0.0273771061566948,BTC
2018-08-21 23:37:57,2.0306385,XMR,0.027289787352993,BTC
2018-08-21 23:38:02,0.027562684861007998,BTC,2.0306385,XMR
2018-08-21 23:38:03,0.027650876852746798,BTC,2.0306386,XMR
2018-08-21 23:38:06,0.027742125628876402,BTC,2.0306386,XMR
2018-08-21 23:38:09,0.0278392409199214,BTC,2.0306386,XMR
2018-08-21 23:38:12,0.0279311103511328,BTC,2.0306384,XMR
2018-08-21 23:38:29,0.028020482157640497,BTC,2.0306385,XMR
2018-08-21 23:38:34,2.0306385,XMR,0.027740276381663997,BTC
2018-08-21 23:38:44,2.0306384,XMR,0.0276518001004896,BTC
2018-08-21 23:38:48,2.0306386,XMR,0.0275608484904158,BTC
2018-08-21 23:38:49,0.0278364569144008,BTC,2.0306386,XMR
2018-08-21 23:38:50,2.0306386,XMR,0.0275580929138356,BTC
2018-08-21 23:38:52,2.0306386,XMR,0.027464703844621602,BTC
2018-08-21 23:38:52,2.0306386,XMR,0.027374368855862002,BTC
2018-08-21 23:38:54,2.0306385,XMR,0.027287058174848996,BTC
2018-08-21 23:38:56,2.0306385,XMR,0.027200027039377496,BTC
2018-08-21 23:39:02,2.0306385,XMR,0.027110561168344496,BTC
2018-08-21 23:39:16,2.0306386,XMR,0.027018688290601802,BTC
2018-08-21 23:39:23,2.0306385,XMR,0.026932514784664498,BTC
2018-08-21 23:40:04,0.027201840399557996,BTC,2.0306385,XMR
2018-08-21 23:40:10,0.0272888749095248,BTC,2.0306386,XMR
2018-08-21 23:40:10,0.027381667653202497,BTC,2.0306385,XMR
2018-08-21 23:40:11,2.0306385,XMR,0.027107850265946996,BTC
2018-08-21 23:40:11,2.0306386,XMR,0.0270159855106252,BTC
2018-08-21 23:40:12,0.027286145731246398,BTC,2.0306386,XMR
2018-08-21 23:40:14,0.027378928321865996,BTC,2.0306385,XMR
2018-08-21 23:40:59,2.0306385,XMR,0.027105139363549496,BTC
2018-08-21 23:41:42,0.027376191021167996,BTC,2.0306385,XMR
2018-08-21 23:42:17,2.0306385,XMR,0.027102428461151996,BTC
2018-08-21 23:42:24,2.0306386,XMR,0.027013284761287202,BTC
2018-08-21 23:42:33,2.0306385,XMR,0.026929822158013497,BTC
2018-08-21 23:43:54,0.0271991213746065,BTC,2.0306385,XMR
2018-08-21 23:44:37,2.0306385,XMR,0.026927129531362497,BTC
2018-08-21 23:45:03,2.0306385,XMR,0.026841247737281998,BTC
2018-08-21 23:45:07,2.0306386,XMR,0.0267556353050806,BTC
2018-08-21 23:45:18,2.0306385,XMR,0.026670300465797995,BTC
2018-08-21 23:45:18,2.0306385,XMR,0.026585234988394497,BTC
2018-08-21 23:45:48,2.0306386,XMR,0.026497792938207,BTC
2018-08-21 23:45:59,0.026762770969121,BTC,2.0306386,XMR
2018-08-21 23:46:18,0.026851088211452996,BTC,2.0306385,XMR
2018-08-21 23:46:18,0.0269370024957495,BTC,2.0306385,XMR
2018-08-21 23:46:27,0.0270231922470166,BTC,2.0306386,XMR
2018-08-21 23:46:36,0.027109659564850497,BTC,2.0306385,XMR
2018-08-21 23:46:38,0.0271964003190165,BTC,2.0306385,XMR
2018-08-21 23:46:42,0.0272834185836066,BTC,2.0306386,XMR
2018-08-21 23:46:46,0.027373453720469995,BTC,2.0306385,XMR
2018-08-21 23:46:46,0.027472027005175495,BTC,2.0306385,XMR
2018-08-21 23:46:47,0.027559929284563498,BTC,2.0306385,XMR
2018-08-21 23:46:47,0.0276481131536122,BTC,2.0306386,XMR
2018-08-21 23:46:47,0.027739351776548803,BTC,2.0306386,XMR
2018-08-21 23:46:52,0.0278336729088802,BTC,2.0306386,XMR
2018-08-21 23:47:08,2.0306386,XMR,0.027555335306616798,BTC
2018-08-21 23:47:21,2.0306386,XMR,0.027461958421234403,BTC
2018-08-21 23:47:37,0.0277365779242212,BTC,2.0306386,XMR
2018-08-21 23:47:57,0.0278308889033596,BTC,2.0306386,XMR
2018-08-21 23:48:00,0.0279283182233328,BTC,2.0306384,XMR
2018-08-21 23:48:00,0.028017679876510496,BTC,2.0306385,XMR
2018-08-21 23:48:04,0.0280988932326795,BTC,2.0306385,XMR
2018-08-21 23:48:06,0.028205717001610495,BTC,2.0306385,XMR
2018-08-21 23:48:08,0.028298799439811995,BTC,2.0306385,XMR
2018-08-21 23:48:12,0.028392184443149997,BTC,2.0306385,XMR
2018-08-21 23:48:46,0.0284887277170496,BTC,2.0306384,XMR
2018-08-21 23:48:46,0.028582743621266997,BTC,2.0306385,XMR
2018-08-21 23:48:47,0.0286770653673728,BTC,2.0306384,XMR
2018-08-21 23:48:48,0.028771698594968996,BTC,2.0306385,XMR
2018-08-21 23:48:50,0.0288666437377584,BTC,2.0306384,XMR
2018-08-21 23:48:52,0.028964803589515403,BTC,2.0306386,XMR
2018-08-21 23:48:52,0.029060387779056,BTC,2.0306386,XMR
2018-08-21 23:49:22,2.0306386,XMR,0.02876978308901,BTC
2018-08-21 23:49:47,0.0290574799045808,BTC,2.0306386,XMR
2018-08-21 23:50:05,0.0291562838459424,BTC,2.0306384,XMR
2018-08-21 23:50:23,0.029252500405086198,BTC,2.0306386,XMR
2018-08-21 23:52:01,2.0306386,XMR,0.028959974730924598,BTC
2018-08-21 23:53:06,2.0306384,XMR,0.0288647207231936,BTC
2018-08-21 23:53:09,2.0306386,XMR,0.028766905674113802,BTC
2018-08-21 23:53:45,2.0306386,XMR,0.028675155330250002,BTC
2018-08-21 23:53:59,2.0306384,XMR,0.028577976305368,BTC
2018-08-21 23:55:08,2.0306385,XMR,0.028483981487180995,BTC
2018-08-21 23:55:25,2.0306384,XMR,0.028390294551248002,BTC
2018-08-21 23:56:16,2.0306385,XMR,0.028296917037922496,BTC
2018-08-21 23:56:17,2.0306384,XMR,0.02820384133336,BTC
2018-08-21 23:56:25,2.0306385,XMR,0.028108262598718497,BTC
2018-08-21 23:58:03,2.0306385,XMR,0.028015811689090495,BTC
2018-08-22 00:00:13,0.028295970760381497,BTC,2.0306385,XMR
2018-08-22 00:00:23,0.028389345610526997,BTC,2.0306385,XMR
2018-08-22 00:00:23,0.028485880762012798,BTC,2.0306384,XMR
2018-08-22 00:00:23,0.028579886512897498,BTC,2.0306385,XMR
2018-08-22 00:00:23,0.028674198105952,BTC,2.0306384,XMR
2018-08-22 00:00:23,0.028768821180214496,BTC,2.0306385,XMR
2018-08-22 00:00:23,0.0288637561699536,BTC,2.0306384,XMR
2018-08-22 00:00:25,2.0306384,XMR,0.0285751191971392,BTC
2018-08-22 00:00:25,2.0306385,XMR,0.028481132501365497,BTC
2018-08-22 00:00:25,2.0306384,XMR,0.028387455718764797,BTC
2018-08-22 00:00:25,2.0306385,XMR,0.028294088358492,BTC
2018-08-22 00:00:27,0.028577029404527998,BTC,2.0306385,XMR
2018-08-22 00:00:27,0.0286713308445312,BTC,2.0306384,XMR
2018-08-22 00:00:27,0.028765943765459996,BTC,2.0306385,XMR
2018-08-22 00:00:27,0.028860870632787198,BTC,2.0306384,XMR
2018-08-22 00:00:28,2.0306384,XMR,0.0285722620889104,BTC
2018-08-22 00:00:28,2.0306385,XMR,0.02847828351555,BTC
2018-08-22 00:00:28,2.0306384,XMR,0.028384616886281598,BTC
2018-08-22 00:00:28,2.0306385,XMR,0.028291259679061497,BTC
2018-08-22 00:00:30,0.028574172296158495,BTC,2.0306385,XMR
2018-08-22 00:00:30,0.0286684635831104,BTC,2.0306384,XMR
2018-08-22 00:00:30,0.028763066350705496,BTC,2.0306385,XMR
2018-08-22 00:00:30,0.0288579850956208,BTC,2.0306384,XMR
2018-08-22 00:00:31,2.0306384,XMR,0.0285694049806816,BTC
2018-08-22 00:00:31,2.0306385,XMR,0.028475436560372998,BTC
2018-08-22 00:00:31,2.0306384,XMR,0.0283817780537984,BTC
2018-08-22 00:00:31,2.0306385,XMR,0.028288430999631,BTC
2018-08-22 00:00:32,0.028571315187788996,BTC,2.0306385,XMR
2018-08-22 00:00:32,0.0286655963216896,BTC,2.0306384,XMR
2018-08-22 00:00:32,0.028760190966589494,BTC,2.0306385,XMR
2018-08-22 00:00:32,0.0288550995584544,BTC,2.0306384,XMR
2018-08-22 00:00:34,2.0306384,XMR,0.0285665478724528,BTC
2018-08-22 00:00:34,2.0306385,XMR,0.028472589605195997,BTC
2018-08-22 00:00:34,2.0306384,XMR,0.028378941251953598,BTC
2018-08-22 00:00:35,0.0286627310909072,BTC,2.0306384,XMR
2018-08-22 00:00:35,0.0287573155824735,BTC,2.0306385,XMR
2018-08-22 00:00:35,0.028852214021288,BTC,2.0306384,XMR
2018-08-22 00:00:36,2.0306384,XMR,0.0285636927948624,BTC
2018-08-22 00:00:36,2.0306385,XMR,0.028469742650018996,BTC
2018-08-22 00:00:36,2.0306384,XMR,0.028376104450108797,BTC
2018-08-22 00:01:07,0.0286598658601248,BTC,2.0306384,XMR
2018-08-22 00:01:15,0.028754440198357496,BTC,2.0306385,XMR
2018-08-22 00:02:03,0.028849330514759998,BTC,2.0306384,XMR
2018-08-22 00:02:42,0.0289619058682332,BTC,2.0306386,XMR
2018-08-22 00:03:00,0.0290545740607442,BTC,2.0306386,XMR
2018-08-22 00:03:09,2.0306386,XMR,0.028764028259217603,BTC
2018-08-22 00:03:34,0.0290516682169076,BTC,2.0306386,XMR
2018-08-22 00:04:02,0.029153367849199998,BTC,2.0306384,XMR
2018-08-22 00:04:07,0.0292495742548636,BTC,2.0306386,XMR
2018-08-22 00:04:17,2.0306386,XMR,0.028957079040281,BTC
2018-08-22 00:04:20,2.0306384,XMR,0.0288618331553888,BTC
2018-08-22 00:05:34,2.0306386,XMR,0.028761150844321404,BTC
2018-08-22 00:06:09,2.0306386,XMR,0.0286722860379082,BTC
2018-08-22 00:06:22,2.0306384,XMR,0.028560837717272,BTC
2018-08-22 00:06:22,2.0306385,XMR,0.028466895694841995,BTC
2018-08-22 00:06:22,2.0306384,XMR,0.028373267648264,BTC
2018-08-22 00:07:02,0.0286570006293424,BTC,2.0306384,XMR
2018-08-22 00:07:39,2.0306384,XMR,0.0283704308464192,BTC
2018-08-22 00:07:46,0.028654135398559998,BTC,2.0306384,XMR
2018-08-22 00:07:47,0.028751564814241494,BTC,2.0306385,XMR
2018-08-22 00:07:48,0.028846447008232,BTC,2.0306384,XMR
2018-08-22 00:07:49,0.028959008146951,BTC,2.0306386,XMR
2018-08-22 00:07:53,0.029048762373071,BTC,2.0306386,XMR
2018-08-22 00:07:54,0.0291504518524576,BTC,2.0306384,XMR
2018-08-22 00:08:40,0.0292466501352796,BTC,2.0306386,XMR
2018-08-22 00:08:55,0.029349034933491603,BTC,2.0306386,XMR
2018-08-22 00:09:13,0.0294429403656135,BTC,2.0306385,XMR
2018-08-22 00:09:24,0.029540102356561498,BTC,2.0306385,XMR
2018-08-22 00:09:25,2.0306385,XMR,0.029244701312689497,BTC
2018-08-22 00:09:42,2.0306385,XMR,0.029148509966944496,BTC
2018-08-22 00:09:58,2.0306386,XMR,0.029055544705995,BTC
2018-08-22 00:10:13,2.0306386,XMR,0.0289541833496374,BTC
2018-08-22 00:10:13,2.0306384,XMR,0.0288589476182224,BTC
2018-08-22 00:10:22,0.0291475378863536,BTC,2.0306384,XMR
2018-08-22 00:11:01,2.0306384,XMR,0.028856062081056,BTC
2018-08-22 00:11:43,2.0306386,XMR,0.028758275460063803,BTC
2018-08-22 00:12:10,0.029045858559873,BTC,2.0306386,XMR
2018-08-22 00:23:22,2.0306386,XMR,0.0287554000758062,BTC
2018-08-22 00:23:26,2.0306386,XMR,0.028669418776205,BTC
2018-08-22 00:23:41,2.0306384,XMR,0.0285579826396816,BTC
2018-08-22 00:25:08,0.0288435614710656,BTC,2.0306384,XMR
2018-08-22 00:25:09,0.0289561124563074,BTC,2.0306386,XMR
2018-08-22 00:25:10,0.029042954746675002,BTC,2.0306386,XMR
2018-08-22 00:25:33,2.0306386,XMR,0.0287525246915486,BTC
2018-08-22 00:25:45,0.029040050933477002,BTC,2.0306386,XMR
2018-08-22 00:25:53,0.0291446218896112,BTC,2.0306384,XMR
2018-08-22 00:26:17,0.0292437260156956,BTC,2.0306386,XMR
2018-08-22 00:26:36,2.0306386,XMR,0.0289512896896324,BTC
2018-08-22 00:26:37,2.0306384,XMR,0.0288531765438896,BTC
2018-08-22 00:26:39,2.0306386,XMR,0.0287496513379296,BTC
2018-08-22 00:26:40,0.029037147120279,BTC,2.0306386,XMR
2018-08-22 00:26:41,2.0306386,XMR,0.028746775953672,BTC
2018-08-22 00:26:44,2.0306386,XMR,0.0286665515145018,BTC
2018-08-22 00:27:13,0.028953216765663804,BTC,2.0306386,XMR
2018-08-22 00:27:15,0.029034243307081,BTC,2.0306386,XMR
2018-08-22 00:27:20,0.0291417079235072,BTC,2.0306384,XMR
2018-08-22 00:27:20,0.0292408018961116,BTC,2.0306386,XMR
2018-08-22 00:27:30,0.0293461006607146,BTC,2.0306386,XMR
2018-08-22 00:29:33,0.029439995939788497,BTC,2.0306385,XMR
2018-08-22 00:30:47,2.0306385,XMR,0.029145596000696997,BTC
2018-08-22 00:31:13,2.0306386,XMR,0.029052638862158402,BTC
2018-08-22 00:31:30,2.0306386,XMR,0.0289483939989888,BTC
2018-08-22 00:31:56,0.029237877776527598,BTC,2.0306386,XMR
2018-08-22 00:31:58,0.029343164357299,BTC,2.0306386,XMR
2018-08-22 00:32:00,0.0294370515139635,BTC,2.0306385,XMR
2018-08-22 00:32:32,2.0306385,XMR,0.029142680003810997,BTC
2018-08-22 00:34:21,0.029434107088138498,BTC,2.0306385,XMR
2018-08-22 00:34:27,0.029537147777543994,BTC,2.0306385,XMR
2018-08-22 00:34:49,2.0306385,XMR,0.029241777193249496,BTC
2018-08-22 00:37:15,0.029534195229164995,BTC,2.0306385,XMR
2018-08-22 00:37:16,0.029634621915557,BTC,2.0306386,XMR
2018-08-22 00:37:19,0.029732415439894404,BTC,2.0306386,XMR
2018-08-22 00:37:30,0.0298305323973855,BTC,2.0306385,XMR
2018-08-22 00:37:48,2.0306385,XMR,0.029532227540458495,BTC
2018-08-22 00:38:11,0.029827549389428998,BTC,2.0306385,XMR
2018-08-22 00:38:16,0.0299289751644586,BTC,2.0306386,XMR
2018-08-22 00:38:16,0.030021736766345203,BTC,2.0306386,XMR
2018-08-22 00:38:49,0.030111769737719996,BTC,2.0306385,XMR
2018-08-22 00:39:11,2.0306385,XMR,0.029810652446470496,BTC
2018-08-22 00:39:12,0.030108758300824497,BTC,2.0306385,XMR
2018-08-22 00:39:38,2.0306385,XMR,0.0298076714691525,BTC
2018-08-22 00:39:40,2.0306386,XMR,0.0297215190331668,BTC
2018-08-22 00:40:39,2.0306386,XMR,0.0296296854331204,BTC
2018-08-22 00:40:53,2.0306385,XMR,0.029529272961441,BTC
2018-08-22 00:41:17,2.0306386,XMR,0.029435091366721,BTC
2018-08-22 00:42:08,0.029729442584984,BTC,2.0306386,XMR
2018-08-22 00:42:09,2.0306386,XMR,0.029432148971389602,BTC
2018-08-22 00:42:10,0.0297264697300736,BTC,2.0306386,XMR
2018-08-22 00:42:11,2.0306386,XMR,0.029429204545419602,BTC
2018-08-22 00:42:12,0.0297234968751632,BTC,2.0306386,XMR
2018-08-22 00:42:12,0.029824566381472496,BTC,2.0306385,XMR
2018-08-22 00:42:13,2.0306385,XMR,0.029526320413062,BTC
2018-08-22 00:42:13,2.0306386,XMR,0.0294262621500882,BTC
2018-08-22 00:42:14,0.0297205240202528,BTC,2.0306386,XMR
2018-08-22 00:42:15,2.0306386,XMR,0.029423319754756802,BTC
2018-08-22 00:42:16,0.029717553195981003,BTC,2.0306386,XMR
2018-08-22 00:42:16,0.029821583373515998,BTC,2.0306385,XMR
2018-08-22 00:42:18,2.0306385,XMR,0.029523367864682997,BTC
2018-08-22 00:42:18,2.0306386,XMR,0.0294203773594254,BTC
2018-08-22 00:42:19,0.029714580341070603,BTC,2.0306386,XMR
2018-08-22 00:42:20,2.0306386,XMR,0.029417434964094,BTC
2018-08-22 00:42:21,0.0297116095167988,BTC,2.0306386,XMR
2018-08-22 00:42:23,0.029818602396197998,BTC,2.0306385,XMR
2018-08-22 00:42:31,0.029925982003162203,BTC,2.0306386,XMR
2018-08-22 00:42:41,0.0300187334518558,BTC,2.0306386,XMR
2018-08-22 00:42:45,0.030105748894567495,BTC,2.0306385,XMR
2018-08-22 00:43:04,0.030208119473267996,BTC,2.0306385,XMR
2018-08-22 00:44:12,0.030310839321790496,BTC,2.0306385,XMR
2018-08-22 00:44:13,0.030398698957769997,BTC,2.0306385,XMR
2018-08-22 00:47:45,2.0306385,XMR,0.030094712374319998,BTC
2018-08-22 00:50:39,0.030395659091935496,BTC,2.0306385,XMR
2018-08-22 00:50:58,0.030505122690916497,BTC,2.0306385,XMR
2018-08-22 00:51:07,0.030599661096922498,BTC,2.0306385,XMR
2018-08-22 00:51:12,0.0307006401694832,BTC,2.0306386,XMR
2018-08-22 00:51:40,0.030835856844688498,BTC,2.0306385,XMR
2018-08-22 00:51:49,0.030931428845690997,BTC,2.0306385,XMR
2018-08-22 00:51:57,0.031033496859254998,BTC,2.0306385,XMR
2018-08-22 00:51:57,0.0311421395832566,BTC,2.0306386,XMR
2018-08-22 00:52:00,0.031244908172164,BTC,2.0306386,XMR
2018-08-22 00:52:06,0.0313480163646045,BTC,2.0306385,XMR
2018-08-22 00:52:16,0.031451464730556,BTC,2.0306386,XMR
2018-08-22 00:52:37,2.0306386,XMR,0.031136949270995,BTC
2018-08-22 00:52:37,2.0306385,XMR,0.031034536546166995,BTC
2018-08-22 00:52:37,2.0306386,XMR,0.0309324599026978,BTC
2018-08-22 00:52:37,2.0306386,XMR,0.030830718816922002,BTC
2018-08-22 00:52:40,2.0306385,XMR,0.030723162499853997,BTC
2018-08-22 00:52:40,2.0306385,XMR,0.030622113866816996,BTC
2018-08-22 00:52:41,2.0306385,XMR,0.030527498296547995,BTC
2018-08-22 00:53:36,0.030832772304806997,BTC,2.0306385,XMR
2018-08-22 00:54:25,0.030928334152616997,BTC,2.0306385,XMR
2018-08-22 00:54:34,0.031030394043626997,BTC,2.0306385,XMR
2018-08-22 00:54:42,0.031139026614282802,BTC,2.0306386,XMR
2018-08-22 00:54:52,0.031241785049997202,BTC,2.0306386,XMR
2018-08-22 00:54:55,0.031344881058760495,BTC,2.0306385,XMR
2018-08-22 00:54:56,0.0314483192713646,BTC,2.0306386,XMR
2018-08-22 00:54:58,0.0315552547306792,BTC,2.0306386,XMR
2018-08-22 00:54:58,0.031659384790555196,BTC,2.0306384,XMR
2018-08-22 00:54:58,0.0317638622340572,BTC,2.0306386,XMR
2018-08-22 00:55:04,2.0306386,XMR,0.0314462236523294,BTC
2018-08-22 00:55:04,2.0306384,XMR,0.0313427899882496,BTC
2018-08-22 00:55:06,2.0306386,XMR,0.0312397016147936,BTC
2018-08-22 00:55:06,2.0306386,XMR,0.0311338363020212,BTC
2018-08-22 00:55:09,2.0306385,XMR,0.031031431699900497,BTC
2018-08-22 00:55:46,0.0313417457529165,BTC,2.0306385,XMR
2018-08-22 00:55:47,0.031445173812173204,BTC,2.0306386,XMR
2018-08-22 00:55:49,0.031552099118294805,BTC,2.0306386,XMR
2018-08-22 00:55:50,0.0316562169946512,BTC,2.0306384,XMR
2018-08-22 00:56:06,0.03176068631528681,BTC,2.0306386,XMR
2018-08-22 00:56:10,0.031868682229197,BTC,2.0306385,XMR
2018-08-22 00:56:42,0.031973848997111996,BTC,2.0306385,XMR
2018-08-22 00:56:51,0.032079363455081604,BTC,2.0306384,XMR
2018-08-22 00:56:57,0.032185226281131,BTC,2.0306385,XMR
2018-08-22 00:57:08,0.032291438387446005,BTC,2.0306386,XMR
2018-08-22 00:57:25,2.0306386,XMR,0.031968524206635394,BTC
2018-08-22 00:57:26,2.0306385,XMR,0.031863374140157996,BTC
2018-08-22 00:57:26,2.0306384,XMR,0.0317585692925648,BTC
2018-08-22 00:57:27,2.0306385,XMR,0.0316541107508175,BTC
2018-08-22 00:57:30,2.0306385,XMR,0.0315499958536455,BTC
2018-08-22 00:57:31,2.0306386,XMR,0.0314430802237766,BTC
2018-08-22 00:57:46,2.0306384,XMR,0.031339654682559996,BTC
2018-08-22 00:58:04,0.0316530512293856,BTC,2.0306384,XMR
2018-08-22 00:58:04,0.0317575103965164,BTC,2.0306386,XMR
2018-08-22 00:58:04,0.0318654961573905,BTC,2.0306385,XMR
2018-08-22 00:58:06,0.031970652772113,BTC,2.0306385,XMR
2018-08-22 00:58:14,2.0306385,XMR,0.0316509470160345,BTC
2018-08-22 00:58:14,2.0306385,XMR,0.0315468402414165,BTC
2018-08-22 00:58:14,2.0306386,XMR,0.0314399347645852,BTC
2018-08-22 00:58:16,2.0306384,XMR,0.0313365214075088,BTC
2018-08-22 00:58:18,2.0306386,XMR,0.0312365784926268,BTC
2018-08-22 00:58:19,2.0306386,XMR,0.0311307213024088,BTC
2018-08-22 00:58:55,0.0314420283529818,BTC,2.0306386,XMR
2018-08-22 00:58:55,0.0315489435059104,BTC,2.0306386,XMR
2018-08-22 00:58:55,0.0316498874947584,BTC,2.0306384,XMR
2018-08-22 00:58:55,0.031754334477746,BTC,2.0306386,XMR
2018-08-22 00:59:15,2.0306386,XMR,0.0314367913360324,BTC
2018-08-22 00:59:15,2.0306384,XMR,0.0313333881324576,BTC
2018-08-22 00:59:15,2.0306386,XMR,0.0312334533398214,BTC
2018-08-22 00:59:15,2.0306386,XMR,0.031127608333435,BTC
2018-08-22 00:59:24,2.0306385,XMR,0.031028328884272496,BTC
2018-08-22 00:59:46,2.0306386,XMR,0.03092936724011,BTC
2018-08-22 00:59:56,0.0312386619278304,BTC,2.0306386,XMR
2018-08-22 00:59:56,0.031338612477711,BTC,2.0306385,XMR
2018-08-22 00:59:58,2.0306385,XMR,0.031025226068644496,BTC
2018-08-22 00:59:59,0.0313354792025055,BTC,2.0306385,XMR
2018-08-22 01:00:00,2.0306385,XMR,0.031022125283654996,BTC
2018-08-22 01:00:05,2.0306386,XMR,0.0309262745775222,BTC
2018-08-22 01:00:30,0.031235536775025,BTC,2.0306386,XMR
2018-08-22 01:00:59,0.0313323459273,BTC,2.0306385,XMR
2018-08-22 01:01:03,0.031438884924429,BTC,2.0306386,XMR
2018-08-22 01:01:04,0.031545787893526,BTC,2.0306386,XMR
2018-08-22 01:01:06,0.0316467217294928,BTC,2.0306384,XMR
2018-08-22 01:01:06,0.0317511585589756,BTC,2.0306386,XMR
2018-08-22 01:01:08,0.0318623080549455,BTC,2.0306385,XMR
2018-08-22 01:01:08,0.031967456547114,BTC,2.0306385,XMR
2018-08-22 01:01:12,2.0306385,XMR,0.031647781250612995,BTC
2018-08-22 01:01:12,2.0306385,XMR,0.031543684629187496,BTC
2018-08-22 01:01:12,2.0306386,XMR,0.0314336479074796,BTC
2018-08-22 01:01:14,2.0306384,XMR,0.0313302548574064,BTC
2018-08-22 01:01:14,2.0306386,XMR,0.0312303302176546,BTC
2018-08-22 01:01:16,2.0306386,XMR,0.031124495364461203,BTC
2018-08-22 01:01:18,2.0306385,XMR,0.031019022468026996,BTC
2018-08-22 01:01:27,2.0306386,XMR,0.0309231819149344,BTC
2018-08-22 01:01:31,2.0306386,XMR,0.0308276363075272,BTC
2018-08-22 01:03:27,2.0306385,XMR,0.0307200901438035,BTC
2018-08-22 01:04:13,2.0306385,XMR,0.030619051663958997,BTC
2018-08-22 01:06:00,0.030925241490181495,BTC,2.0306385,XMR
2018-08-22 01:06:24,0.031027291227998997,BTC,2.0306385,XMR
2018-08-22 01:06:37,2.0306385,XMR,0.030717017787752997,BTC
2018-08-22 01:06:41,0.031024188412370996,BTC,2.0306385,XMR
2018-08-22 01:06:41,0.031135913645309002,BTC,2.0306386,XMR
2018-08-22 01:07:37,0.0312324136528582,BTC,2.0306386,XMR
2018-08-22 01:09:04,2.0306386,XMR,0.0309200892523466,BTC
2018-08-22 01:09:24,2.0306386,XMR,0.0308245537981324,BTC
2018-08-22 01:09:24,2.0306385,XMR,0.030713947462340997,BTC
2018-08-22 01:09:35,2.0306385,XMR,0.030615989461100997,BTC
2018-08-22 01:09:49,0.030922148827745997,BTC,2.0306385,XMR
2018-08-22 01:09:53,0.031021087627381497,BTC,2.0306385,XMR
2018-08-22 01:09:59,0.031132798645696604,BTC,2.0306386,XMR
2018-08-22 01:09:59,0.031229290530691404,BTC,2.0306386,XMR
2018-08-22 01:10:12,0.0313292126520945,BTC,2.0306385,XMR
2018-08-22 01:10:40,0.0314357394652376,BTC,2.0306386,XMR
2018-08-22 01:12:16,2.0306386,XMR,0.031121382395487403,BTC
2018-08-22 01:12:16,2.0306385,XMR,0.031015919652398995,BTC
2018-08-22 01:12:27,2.0306386,XMR,0.0309169986203974,BTC
2018-08-22 01:13:09,2.0306386,XMR,0.0308214712887376,BTC
2018-08-22 01:13:30,2.0306385,XMR,0.030710877136928997,BTC
2018-08-22 01:16:21,0.031017986842391997,BTC,2.0306385,XMR
2018-08-22 01:16:38,0.0311296856767228,BTC,2.0306386,XMR
2018-08-22 01:17:20,0.0312261694391632,BTC,2.0306386,XMR
2018-08-22 01:17:20,0.031326079376889,BTC,2.0306385,XMR
2018-08-22 01:18:21,0.0314325960366848,BTC,2.0306386,XMR
2018-08-22 01:18:41,0.0315426343117802,BTC,2.0306386,XMR
2018-08-22 01:18:43,0.0316435579948656,BTC,2.0306384,XMR
2018-08-22 01:18:52,0.031747984670843804,BTC,2.0306386,XMR
2018-08-22 01:18:57,0.031859121983139,BTC,2.0306385,XMR
2018-08-22 01:19:31,0.0319642582914765,BTC,2.0306385,XMR
2018-08-22 01:19:35,0.0320761550464096,BTC,2.0306384,XMR
2018-08-22 01:19:40,2.0306384,XMR,0.031755393374107196,BTC
2018-08-22 01:19:42,2.0306385,XMR,0.0316446154851915,BTC
2018-08-22 01:19:42,2.0306385,XMR,0.03154053104759699,BTC
2018-08-22 01:19:42,2.0306386,XMR,0.0314305044789268,BTC
2018-08-22 01:21:30,2.0306384,XMR,0.0313271215823552,BTC
2018-08-22 01:23:33,2.0306386,XMR,0.031227207095487798,BTC
2018-08-22 01:23:33,2.0306386,XMR,0.031118269426513603,BTC
2018-08-22 01:24:09,2.0306385,XMR,0.031012818867409496,BTC
2018-08-22 01:24:11,2.0306386,XMR,0.0309139079884482,BTC
2018-08-22 01:25:09,2.0306386,XMR,0.0308183887793428,BTC
2018-08-22 01:30:10,2.0306385,XMR,0.030707806811516997,BTC
2018-08-22 01:30:27,2.0306385,XMR,0.030612927258242995,BTC
2018-08-22 01:30:56,2.0306385,XMR,0.030524444216243996,BTC
2018-08-22 01:31:06,2.0306386,XMR,0.030393634011465002,BTC
2018-08-22 01:32:23,2.0306385,XMR,0.030293664181357496,BTC
2018-08-22 01:32:26,2.0306385,XMR,0.030200072052892497,BTC
2018-08-22 01:32:28,2.0306385,XMR,0.030091702968063,BTC
2018-08-22 01:32:30,2.0306385,XMR,0.030007729974172496,BTC
2018-08-22 01:34:57,2.0306385,XMR,0.029906037628730998,BTC
2018-08-22 01:35:32,2.0306385,XMR,0.029804690491834495,BTC
2018-08-22 01:43:20,0.030102737457671995,BTC,2.0306385,XMR
2018-08-22 01:45:23,0.030205097883179995,BTC,2.0306385,XMR
2018-08-22 01:45:23,0.030307807578509996,BTC,2.0306385,XMR
2018-08-22 01:47:05,2.0306385,XMR,0.0300047286904695,BTC
2018-08-22 01:47:15,2.0306385,XMR,0.0299030464982205,BTC
2018-08-22 01:47:33,2.0306385,XMR,0.029801709514516498,BTC
2018-08-22 01:48:05,0.030099726020776495,BTC,2.0306385,XMR
2018-08-22 01:51:09,2.0306385,XMR,0.029798728537198494,BTC
2018-08-22 01:51:09,2.0306386,XMR,0.0297185461782564,BTC
2018-08-22 01:52:03,2.0306386,XMR,0.029626722731403002,BTC
2018-08-22 01:52:54,2.0306385,XMR,0.029520417346942496,BTC
2018-08-22 01:53:34,2.0306386,XMR,0.029414492568762603,BTC
2018-08-22 01:54:07,2.0306386,XMR,0.0293382766101888,BTC
2018-08-22 01:54:47,2.0306385,XMR,0.029238853073809495,BTC
2018-08-22 01:55:09,2.0306385,XMR,0.0291397660375635,BTC
2018-08-22 01:55:56,0.029431164692951997,BTC,2.0306385,XMR
2018-08-22 01:57:33,0.0295312406501475,BTC,2.0306385,XMR
2018-08-22 01:58:18,0.0296316592138396,BTC,2.0306386,XMR
2018-08-22 01:58:34,0.0297086366618884,BTC,2.0306386,XMR
2018-08-22 01:58:45,0.029815621418879997,BTC,2.0306385,XMR
2018-08-22 01:58:52,0.029922990872504402,BTC,2.0306386,XMR
2018-08-22 01:58:59,0.030015732168005002,BTC,2.0306386,XMR
2018-08-22 01:59:14,0.030096716614519497,BTC,2.0306385,XMR
2018-08-22 02:00:33,0.030202076293091996,BTC,2.0306385,XMR
2018-08-22 02:00:38,0.030304775835229496,BTC,2.0306385,XMR
2018-08-22 02:00:39,2.0306385,XMR,0.030001727406766498,BTC
2018-08-22 02:00:40,0.030301744091948996,BTC,2.0306385,XMR
2018-08-22 02:00:41,2.0306385,XMR,0.029998726123063497,BTC
2018-08-22 02:00:42,0.030298714379306996,BTC,2.0306385,XMR
2018-08-22 02:00:43,2.0306385,XMR,0.029995726869999,BTC
2018-08-22 02:00:44,0.030295684666664997,BTC,2.0306385,XMR
2018-08-22 02:02:37,0.030392619226100995,BTC,2.0306385,XMR
2018-08-22 02:04:13,2.0306385,XMR,0.030088693561805997,BTC
2018-08-22 02:04:16,2.0306385,XMR,0.029992727616934497,BTC
2018-08-22 02:04:18,2.0306385,XMR,0.029900055367709996,BTC
2018-08-22 02:04:18,2.0306385,XMR,0.029795749590518995,BTC
